Method,Job,AnalyzeLaunchVariance,EvaluateOverhead,MaxAbsoluteError,MaxRelativeError,MinInvokeCount,MinIterationTime,OutlierMode,Affinity,EnvironmentVariables,Jit,LargeAddressAware,Platform,PowerPlanMode,Runtime,AllowVeryLargeObjects,Concurrent,CpuGroups,Force,HeapAffinitizeMask,HeapCount,NoAffinitize,RetainVm,Server,Arguments,BuildConfiguration,Clock,EngineFactory,NuGetReferences,Toolchain,IsMutator,InvocationCount,IterationCount,IterationTime,LaunchCount,MaxIterationCount,MaxWarmupIterationCount,MemoryRandomization,MinIterationCount,MinWarmupIterationCount,RunStrategy,UnrollFactor,WarmupCount,N,Mean,Error,StdDev,Ratio,RatioSD,Allocated,Alloc Ratio
NativeList_Add,Dry,False,Default,Default,Default,Default,Default,Default,1111,Empty,RyuJit,Default,X64,8c5e7fda-e8bf-4a96-9a85-a6e23a8c635c,.NET 10.0,False,True,False,True,Default,Default,False,False,False,Default,Default,Default,Default,Default,Default,Default,Default,1,Default,1,Default,Default,Default,Default,Default,ColdStart,1,1,64,"1,251,404.00 ns",NA,0.000 ns,1.00,0.00,0 B,NA
NativeList_AddThenRemoveAt,Dry,False,Default,Default,Default,Default,Default,Default,1111,Empty,RyuJit,Default,X64,8c5e7fda-e8bf-4a96-9a85-a6e23a8c635c,.NET 10.0,False,True,False,True,Default,Default,False,False,False,Default,Default,Default,Default,Default,Default,Default,Default,1,Default,1,Default,Default,Default,Default,Default,ColdStart,1,1,64,"1,362,781.00 ns",NA,0.000 ns,1.09,0.00,0 B,NA
NativeList_ResizeUninitialized,Dry,False,Default,Default,Default,Default,Default,Default,1111,Empty,RyuJit,Default,X64,8c5e7fda-e8bf-4a96-9a85-a6e23a8c635c,.NET 10.0,False,True,False,True,Default,Default,False,False,False,Default,Default,Default,Default,Default,Default,Default,Default,1,Default,1,Default,Default,Default,Default,Default,ColdStart,1,1,64,"1,410,383.00 ns",NA,0.000 ns,1.13,0.00,0 B,NA
NativeList_Add,ShortRun,False,Default,Default,Default,Default,Default,Default,1111,Empty,RyuJit,Default,X64,8c5e7fda-e8bf-4a96-9a85-a6e23a8c635c,.NET 10.0,False,True,False,True,Default,Default,False,False,False,Default,Default,Default,Default,Default,Default,Default,Default,3,Default,1,Default,Default,Default,Default,Default,Default,16,3,64,273.02 ns,4.067 ns,0.223 ns,1.00,0.00,0 B,NA
NativeList_AddThenRemoveAt,ShortRun,False,Default,Default,Default,Default,Default,Default,1111,Empty,RyuJit,Default,X64,8c5e7fda-e8bf-4a96-9a85-a6e23a8c635c,.NET 10.0,False,True,False,True,Default,Default,False,False,False,Default,Default,Default,Default,Default,Default,Default,Default,3,Default,1,Default,Default,Default,Default,Default,Default,16,3,64,788.38 ns,148.076 ns,8.117 ns,2.89,0.03,0 B,NA
NativeList_ResizeUninitialized,ShortRun,False,Default,Default,Default,Default,Default,Default,1111,Empty,RyuJit,Default,X64,8c5e7fda-e8bf-4a96-9a85-a6e23a8c635c,.NET 10.0,False,True,False,True,Default,Default,False,False,False,Default,Default,Default,Default,Default,Default,Default,Default,3,Default,1,Default,Default,Default,Default,Default,Default,16,3,64,93.13 ns,1.059 ns,0.058 ns,0.34,0.00,0 B,NA
NativeList_Add,Dry,False,Default,Default,Default,Default,Default,Default,1111,Empty,RyuJit,Default,X64,8c5e7fda-e8bf-4a96-9a85-a6e23a8c635c,.NET 10.0,False,True,False,True,Default,Default,False,False,False,Default,Default,Default,Default,Default,Default,Default,Default,1,Default,1,Default,Default,Default,Default,Default,ColdStart,1,1,1024,"1,247,627.00 ns",NA,0.000 ns,1.00,0.00,0 B,NA
NativeList_AddThenRemoveAt,Dry,False,Default,Default,Default,Default,Default,Default,1111,Empty,RyuJit,Default,X64,8c5e7fda-e8bf-4a96-9a85-a6e23a8c635c,.NET 10.0,False,True,False,True,Default,Default,False,False,False,Default,Default,Default,Default,Default,Default,Default,Default,1,Default,1,Default,Default,Default,Default,Default,ColdStart,1,1,1024,"1,477,853.00 ns",NA,0.000 ns,1.18,0.00,0 B,NA
NativeList_ResizeUninitialized,Dry,False,Default,Default,Default,Default,Default,Default,1111,Empty,RyuJit,Default,X64,8c5e7fda-e8bf-4a96-9a85-a6e23a8c635c,.NET 10.0,False,True,False,True,Default,Default,False,False,False,Default,Default,Default,Default,Default,Default,Default,Default,1,Default,1,Default,Default,Default,Default,Default,ColdStart,1,1,1024,"1,422,590.00 ns",NA,0.000 ns,1.14,0.00,0 B,NA
NativeList_Add,ShortRun,False,Default,Default,Default,Default,Default,Default,1111,Empty,RyuJit,Default,X64,8c5e7fda-e8bf-4a96-9a85-a6e23a8c635c,.NET 10.0,False,True,False,True,Default,Default,False,False,False,Default,Default,Default,Default,Default,Default,Default,Default,3,Default,1,Default,Default,Default,Default,Default,Default,16,3,1024,"3,820.53 ns",137.531 ns,7.539 ns,1.00,0.00,0 B,NA
NativeList_AddThenRemoveAt,ShortRun,False,Default,Default,Default,Default,Default,Default,1111,Empty,RyuJit,Default,X64,8c5e7fda-e8bf-4a96-9a85-a6e23a8c635c,.NET 10.0,False,True,False,True,Default,Default,False,False,False,Default,Default,Default,Default,Default,Default,Default,Default,3,Default,1,Default,Default,Default,Default,Default,Default,16,3,1024,"32,143.30 ns",174.942 ns,9.589 ns,8.41,0.01,0 B,NA
NativeList_ResizeUninitialized,ShortRun,False,Default,Default,Default,Default,Default,Default,1111,Empty,RyuJit,Default,X64,8c5e7fda-e8bf-4a96-9a85-a6e23a8c635c,.NET 10.0,False,True,False,True,Default,Default,False,False,False,Default,Default,Default,Default,Default,Default,Default,Default,3,Default,1,Default,Default,Default,Default,Default,Default,16,3,1024,795.93 ns,31.569 ns,1.730 ns,0.21,0.00,0 B,NA
